file,noise,A,B,C,D
노이즈0 시드0.csv,0,41.08416547788873,65.04992867332382,41.940085592011414,67.04707560627675
노이즈5 시드0.csv,5,44.79315263908702,77.03281027104137,45.22111269614836,78.3166904422254
노이즈10 시드5.csv,10,46.64764621968616,77.74607703281026,46.50499286733238,79.0299572039943
노이즈20 시드20.csv,20,43.55682358535425,66.33380884450784,44.55539705183072,68.188302425107
노이즈30 시드10.csv,30,42.22539229671897,77.31811697574894,43.22396576319544,78.60199714693296
