metric,value
gender_male_%,100.0
gender_female_%,0.0
gender_unknown_%,0.0
age_child_%,27.194916353261572
age_youngadult_%,26.70211386331215
age_middleaged_%,22.513292698742056
age_senior_%,23.58967708468422
age_unknown_%,0.0
acc_A_%,46.310465568668135
acc_B_%,62.106082220204904
acc_C_%,44.917974322396574
acc_D_%,57.40014265335235
